Type,Name,Request Count,Failure Count,Median Response Time,Average Response Time,Min Response Time,Max Response Time,Average Content Size,Requests/s,Failures/s,50%,66%,75%,80%,90%,95%,98%,99%,99.9%,99.99%,100%
GET,/double-me,1386,0,73000.0,69673.8911256271,2.8065769984095823,104366.2239309997,26.642857142857142,4.3420493564545835,0.0,73000,82000,86000,87000,96000,99000,102000,103000,104000,104000,104000
GET,/fast,750,0,76000.0,67062.10214242668,508.71810500029824,104817.55986500139,30.0,2.3495938076052942,0.0,76000,83000,87000,89000,95000,99000,103000,104000,105000,105000,105000
GET,/hello,772,0,36000.0,33034.93696456344,3.0446000018855557,69540.92028300147,13.0,2.418515225961716,0.0,36000,40000,47000,50000,53000,59000,68000,68000,70000,70000,70000
POST,/login,1000,0,5100.0,10045.859370089896,3.5115740029141307,40882.025175997114,49.0,3.1327917434737254,0.0,5100,7400,8500,16000,39000,40000,41000,41000,41000,41000,41000
GET,/logout,1000,0,18000.0,17687.640990570006,16618.85077900297,18266.654314000334,46.0,3.1327917434737254,0.0,18000,18000,18000,18000,18000,18000,18000,18000,18000,18000,18000
GET,/slow,669,0,79000.0,68908.29493859487,3006.768490002287,107343.86710200124,30.0,2.0958376763839226,0.0,79000,86000,89000,92000,99000,102000,105000,106000,107000,107000,107000
POST,/square-me,448,0,66000.0,67314.97820344423,8.031395998841617,104302.42390700005,6893.381696428572,1.403490701076229,0.0,66000,78000,84000,86000,93000,98000,102000,102000,104000,104000,104000
,Aggregated,6025,0,45000.0,45868.51800054843,2.8065769984095823,107343.86710200124,543.1980082987552,18.875070254429197,0.0,45000,63000,76000,82000,89000,97000,102000,103000,106000,107000,107000
